<application>
  <component name="FileTypeManager" version="17">
    <extensionMap>
      <mapping ext="klib" type="ARCHIVE" />
      <mapping pattern="city_original_price" type="PLAIN_TEXT" />
      <mapping pattern="start" type="PLAIN_TEXT" />
      <mapping pattern="TraceController" type="PLAIN_TEXT" />
      <mapping ext="map" type="PLAIN_TEXT" />
      <mapping ext="conf" type="PLAIN_TEXT" />
      <mapping ext="filter" type="PLAIN_TEXT" />
      <mapping ext="production" type="PLAIN_TEXT" />
      <mapping ext="dat" type="PLAIN_TEXT" />
      <mapping pattern="AgentApplyScoreMapper" type="XML" />
      <mapping pattern="AgentStaffBankInfoMapper" type="XML" />
    </extensionMap>
  </component>
</application>