<application>
  <component name="FindSettings">
    <option name="caseSensitive" value="true" />
    <option name="customScope" value="All Places" />
    <option name="defaultScopeName" value="All Places" />
    <option name="CASE_SENSITIVE_SEARCH" value="true" />
    <option name="SEARCH_SCOPE" value="All Places" />
    <option name="FILE_MASK" value="*.*" />
    <mask>*.html</mask>
    <mask>*.jsp</mask>
    <mask>*.as</mask>
    <mask>*.mxml</mask>
    <mask>*employ**.java</mask>
    <mask>*.log</mask>
    <mask>*Controller.java</mask>
    <mask>*C.java</mask>
    <mask>*xml</mask>
    <mask>rabbitmq.accesskey</mask>
    <mask>*Impl.java</mask>
    <mask>*.j</mask>
    <mask>*.thrift</mask>
    <mask>*.propertoes</mask>
    <mask>*.properites</mask>
    <mask>pom.xml</mask>
    <mask>*</mask>
    <mask>*.sh</mask>
    <mask>*.</mask>
    <mask>*.sql</mask>
    <mask>*.json</mask>
    <mask>*.js</mask>
    <mask>*.css</mask>
    <mask>*.properties</mask>
    <mask>*.java</mask>
    <mask>*.xml</mask>
    <mask>*.*</mask>
  </component>
</application>